 ,sigma_bin0 ,sigma_bin1 ,sigma_bin2 ,sigma_bin3 ,mu_Zjets ,mu_wwTop_SR_0 ,mu_ggf ,mu_wwTop_SR_1 ,mu_Zjets_CRGGF1 ,mu_wwTop_CRGGF ,
sigma_bin0,1,-0.159503,0.0898678,0.0219766,-0.0149803,-0.200504,-0.305752,-0.0412164,0.0143045,-0.0470993,
sigma_bin1,-0.159503,1,-0.303262,0.0514698,0.00156729,-0.116785,-0.0501449,0.0233349,0.0386169,-0.0300534,
sigma_bin2,0.0898678,-0.303262,1,-0.144812,-0.0176119,0.00239942,-0.0834269,-0.17065,0.00289572,-0.0201158,
sigma_bin3,0.0219766,0.0514698,-0.144812,1,-0.0558819,0.021527,-0.0190299,-0.184052,0.0460501,-0.0279262,
mu_Zjets,-0.0149803,0.00156729,-0.0176119,-0.0558819,1,-0.0444101,-0.0609818,-0.0573919,-0.0139602,0.0176003,
mu_wwTop_SR_0,-0.200504,-0.116785,0.00239942,0.021527,-0.0444101,1,0.132927,0.285676,0.0756554,0.574124,
mu_ggf,-0.305752,-0.0501449,-0.0834269,-0.0190299,-0.0609818,0.132927,1,0.070367,-0.0167073,0.00768485,
mu_wwTop_SR_1,-0.0412164,0.0233349,-0.17065,-0.184052,-0.0573919,0.285676,0.070367,1,0.0391683,0.357946,
mu_Zjets_CRGGF1,0.0143045,0.0386169,0.00289572,0.0460501,-0.0139602,0.0756554,-0.0167073,0.0391683,1,-0.180021,
mu_wwTop_CRGGF,-0.0470993,-0.0300534,-0.0201158,-0.0279262,0.0176003,0.574124,0.00768485,0.357946,-0.180021,1,
